{"country":"UA","temp_max":293.220001,"temp_min":266.510010}
{"country":"RU","temp_max":297.040009,"temp_min":232.190002}
{"country":"NP","temp_max":312.480011,"temp_min":246.529999}
{"country":"IN","temp_max":322.399994,"temp_min":244.561005}
{"country":"VE","temp_max":310.540009,"temp_min":273.149994}
{"country":"IQ","temp_max":300.148987,"temp_min":268.940002}
{"country":"DE","temp_max":291.910004,"temp_min":267.795013}
{"country":"IL","temp_max":302.739990,"temp_min":268.415985}
{"country":"GE","temp_max":291.910004,"temp_min":254.903000}
{"country":"NG","temp_max":315.070007,"temp_min":285.970001}
{"country":"GB","temp_max":299.059998,"temp_min":272.365997}
{"country":"ZA","temp_max":309.796997,"temp_min":276.773987}
{"country":"CN","temp_max":308.619995,"temp_min":239.132996}
{"country":"TR","temp_max":317.609985,"temp_min":251.632996}
{"country":"DO","temp_max":306.588013,"temp_min":284.276001}
{"country":"PK","temp_max":319.119995,"temp_min":249.061005}
{"country":"LV","temp_max":282.339996,"temp_min":261.610992}
{"country":"PL","temp_max":292.899994,"temp_min":266.510010}
{"country":"","temp_max":311.609985,"temp_min":228.850006}
{"country":"KN","temp_max":299.710999,"temp_min":296.687988}
{"country":"JP","temp_max":295.761993,"temp_min":256.811005}
{"country":"MM","temp_max":314.649994,"temp_min":279.912994}
{"country":"BA","temp_max":296.670013,"temp_min":268.316010}
{"country":"AU","temp_max":315.750000,"temp_min":272.388000}
{"country":"NA","temp_max":309.799988,"temp_min":280.510986}
{"country":"AR","temp_max":308.750000,"temp_min":256.679993}
{"country":"US","temp_max":308.320007,"temp_min":238.509995}
{"country":"CA","temp_max":285.519989,"temp_min":232.570007}
{"country":"FJ","temp_max":305.410004,"temp_min":296.380005}
{"country":"ID","temp_max":310.089996,"temp_min":285.519989}
{"country":"CG","temp_max":310.510010,"temp_min":292.940002}
{"country":"TZ","temp_max":308.880005,"temp_min":284.183014}
{"country":"CM","temp_max":314.489990,"temp_min":285.059998}
{"country":"CF","temp_max":313.199005,"temp_min":286.709991}
{"country":"SS","temp_max":313.369995,"temp_min":285.873993}
{"country":"ET","temp_max":313.200012,"temp_min":275.411011}
{"country":"SD","temp_max":314.859985,"temp_min":278.410004}
{"country":"PT","temp_max":310.470001,"temp_min":269.880005}
{"country":"UZ","temp_max":293.648987,"temp_min":260.753998}
{"country":"ES","temp_max":309.709991,"temp_min":261.890015}
{"country":"FI","temp_max":278.832001,"temp_min":252.250000}
{"country":"NL","temp_max":288.119995,"temp_min":277.079987}
{"country":"FR","temp_max":299.010010,"temp_min":260.679993}
{"country":"NZ","temp_max":300.032990,"temp_min":275.279999}
{"country":"IT","temp_max":308.029999,"temp_min":255.929993}
{"country":"CU","temp_max":306.000000,"temp_min":281.549988}
{"country":"BL","temp_max":299.710999,"temp_min":297.303986}
{"country":"AZ","temp_max":295.510010,"temp_min":256.483002}
{"country":"IR","temp_max":305.920013,"temp_min":253.860001}
{"country":"SL","temp_max":311.973999,"temp_min":291.089996}
{"country":"KM","temp_max":302.462006,"temp_min":297.149994}
{"country":"HT","temp_max":306.588013,"temp_min":288.709991}
{"country":"AT","temp_max":294.790009,"temp_min":261.410004}
{"country":"BE","temp_max":288.415009,"temp_min":276.479004}
{"country":"BF","temp_max":319.170013,"temp_min":288.359985}
{"country":"BO","temp_max":306.450012,"temp_min":261.329987}
{"country":"CD","temp_max":311.369995,"temp_min":284.223999}
{"country":"CH","temp_max":292.824005,"temp_min":261.410004}
{"country":"CI","temp_max":310.812012,"temp_min":291.029999}
{"country":"CZ","temp_max":290.179993,"temp_min":272.040009}
{"country":"DK","temp_max":283.220001,"temp_min":272.279999}
{"country":"DZ","temp_max":305.010986,"temp_min":268.859985}
{"country":"FM","temp_max":304.149994,"temp_min":296.250000}
{"country":"GH","temp_max":312.223999,"temp_min":291.489990}
{"country":"GN","temp_max":313.623993,"temp_min":287.559998}
{"country":"GP","temp_max":300.537994,"temp_min":296.445007}
{"country":"GR","temp_max":299.739990,"temp_min":268.609985}
{"country":"GS","temp_max":277.809998,"temp_min":273.265015}
{"country":"GT","temp_max":308.299988,"temp_min":278.109985}
{"country":"HN","temp_max":308.859985,"temp_min":283.679993}
{"country":"HU","temp_max":298.100006,"temp_min":272.149994}
{"country":"JM","temp_max":304.829987,"temp_min":288.899994}
{"country":"MZ","temp_max":310.647003,"temp_min":288.628998}
{"country":"NO","temp_max":283.549988,"temp_min":246.679001}
{"country":"OM","temp_max":312.230011,"temp_min":274.760010}
{"country":"PE","temp_max":310.649994,"temp_min":264.000000}
{"country":"PR","temp_max":302.859985,"temp_min":288.540009}
{"country":"SE","temp_max":288.399994,"temp_min":250.753998}
{"country":"TH","temp_max":313.619995,"temp_min":284.260986}
{"country":"VC","temp_max":300.540009,"temp_min":297.126007}
{"country":"VN","temp_max":312.309998,"temp_min":286.003998}
{"country":"MX","temp_max":310.104004,"temp_min":266.459991}
{"country":"BD","temp_max":313.130005,"temp_min":286.903015}
{"country":"BI","temp_max":300.130005,"temp_min":285.311005}
{"country":"BJ","temp_max":313.473999,"temp_min":289.959991}
{"country":"BR","temp_max":310.440002,"temp_min":276.149994}
{"country":"CL","temp_max":301.954010,"temp_min":265.239990}
{"country":"EG","temp_max":308.540009,"temp_min":269.216003}
{"country":"ER","temp_max":314.679993,"temp_min":280.574005}
{"country":"JO","temp_max":302.700012,"temp_min":268.415985}
{"country":"KP","temp_max":290.250000,"temp_min":258.032990}
{"country":"KR","temp_max":297.149994,"temp_min":265.132996}
{"country":"KW","temp_max":304.148987,"temp_min":279.059998}
{"country":"KZ","temp_max":292.248993,"temp_min":248.662994}
{"country":"LA","temp_max":312.649994,"temp_min":285.260986}
{"country":"LK","temp_max":311.769989,"temp_min":278.149994}
{"country":"LR","temp_max":308.411987,"temp_min":290.989990}
{"country":"LY","temp_max":307.899994,"temp_min":274.782990}
{"country":"PG","temp_max":307.514008,"temp_min":273.850006}
{"country":"PH","temp_max":309.890015,"temp_min":286.019989}
{"country":"RS","temp_max":299.809998,"temp_min":268.665985}
{"country":"TD","temp_max":315.339996,"temp_min":278.333008}
{"country":"AM","temp_max":291.279999,"temp_min":253.733002}
{"country":"AO","temp_max":310.720001,"temp_min":283.415985}
{"country":"AS","temp_max":303.739990,"temp_min":298.450012}
{"country":"SN","temp_max":315.959991,"temp_min":287.730011}
{"country":"BY","temp_max":288.079987,"temp_min":265.010986}
{"country":"BG","temp_max":296.750000,"temp_min":265.415985}
{"country":"RO","temp_max":296.489990,"temp_min":265.115997}
{"country":"AL","temp_max":293.709991,"temp_min":269.623993}
{"country":"MT","temp_max":290.096985,"temp_min":286.013000}
{"country":"LT","temp_max":282.339996,"temp_min":264.661011}
{"country":"XK","temp_max":290.397003,"temp_min":268.665985}
{"country":"EE","temp_max":278.510010,"temp_min":257.811005}
{"country":"UY","temp_max":300.750000,"temp_min":281.026001}
{"country":"YE","temp_max":314.690002,"temp_min":276.074005}
{"country":"ZM","temp_max":305.460999,"temp_min":286.924011}
{"country":"ZW","temp_max":310.296997,"temp_min":283.149994}
{"country":"AF","temp_max":298.649994,"temp_min":250.653000}
{"country":"BW","temp_max":306.946991,"temp_min":285.665985}
{"country":"MW","temp_max":306.397003,"temp_min":286.459991}
{"country":"EC","temp_max":308.083008,"temp_min":275.410004}
{"country":"KE","temp_max":313.160004,"temp_min":279.079010}
{"country":"UG","temp_max":309.549011,"temp_min":284.833008}
{"country":"CO","temp_max":310.503998,"temp_min":278.130005}
{"country":"SR","temp_max":304.500000,"temp_min":293.579987}
{"country":"TG","temp_max":312.123993,"temp_min":290.730011}
{"country":"PA","temp_max":308.720001,"temp_min":280.260010}
{"country":"CR","temp_max":306.882996,"temp_min":281.970001}
{"country":"SO","temp_max":313.140015,"temp_min":283.210999}
{"country":"NI","temp_max":308.399994,